Solution ID,Solution Name,Solution Category,Related Pain ID,Pain Point,Business Objective,Solution Description,Recommended Product IDs,Implementation Approach,Implementation Duration,Implementation Complexity,Required Resources,Prerequisites,Expected Business Outcome,Operational Benefits,Financial Benefits,Estimated ROI,Success Metrics,Risks,Risk Mitigation,Cross Sell Product IDs,Upsell Product IDs,Suitable Industries,Suitable Company Size,Typical Decision Maker,Sales Difficulty,Competitive Advantage,Reference Case IDs,Supporting Framework,Status,Last Updated,Notes
SOL-001,Risk & Collections Modernization Program — PAIN-001,Risk Ops,PAIN-001,High NPL / asset quality pressure in consumer credit,Reduce impact of: High NPL / asset quality pressure in consumer credit,"Modernize underwriting controls, early warning, and collections capacity with measurable CoR impact. Follow DPS: measure baseline, implement, validate outcomes.",,Discover → baseline KPIs → pilot → scale → control,3-9 Months (phased),Medium-High,"Business owner, process SME, technology partner, change management",Executive sponsor; data access; process owners; trusted sources for design inputs,Measurable improvement in KPI Affected when addressed with verified solutions,More stable processes and clearer ownership,Reduced leakage/cost or protected revenue (measure before claim),Case-specific; require baseline,"NPL, CoR, Coverage ratio",Change resistance; data quality; scope creep,"Phased pilot, clear RACI, measured gates",,,Banking,"Medium, Enterprise",COO / Function Head / CIO (as applicable),Medium-High,Evidence-based baseline and KPI-linked design,,,Active,2026-07-10,confidence=0.91 | sources=SRC-000010;SRC-000004;SRC-000001 | retrieved=2026-07-10 | version=knowledge-v2.0-batch-006-solution | batch=Batch-006 | related_pain=PAIN-001 | class=solution_pattern | dps=v1.0
SOL-002,Customer 360 Data Foundation — PAIN-002,Data Platform,PAIN-002,Fragmented customer data across banking channels,Reduce impact of: Fragmented customer data across banking channels,"Build governed customer master and integration patterns to enable trusted customer views. Follow DPS: measure baseline, implement, validate outcomes.",,Discover → baseline KPIs → pilot → scale → control,3-9 Months (phased),Medium-High,"Business owner, process SME, technology partner, change management",Executive sponsor; data access; process owners; trusted sources for design inputs,Measurable improvement in KPI Affected when addressed with verified solutions,More stable processes and clearer ownership,Reduced leakage/cost or protected revenue (measure before claim),Case-specific; require baseline,"Cross-sell rate, campaign response",Change resistance; data quality; scope creep,"Phased pilot, clear RACI, measured gates",,,Banking,"Medium, Enterprise",COO / Function Head / CIO (as applicable),Medium-High,Evidence-based baseline and KPI-linked design,,,Active,2026-07-10,confidence=0.89 | sources=SRC-000010;SRC-000005;SRC-000004 | retrieved=2026-07-10 | version=knowledge-v2.0-batch-006-solution | batch=Batch-006 | related_pain=PAIN-002 | class=solution_pattern | dps=v1.0
SOL-003,Core Decoupling & Product Velocity Program — PAIN-003,Architecture,PAIN-003,Core system change risk blocking product velocity,Reduce impact of: Core system change risk blocking product velocity,"Reduce core coupling via APIs/product factories and staged modernization. Follow DPS: measure baseline, implement, validate outcomes.",,Discover → baseline KPIs → pilot → scale → control,3-9 Months (phased),Medium-High,"Business owner, process SME, technology partner, change management",Executive sponsor; data access; process owners; trusted sources for design inputs,Measurable improvement in KPI Affected when addressed with verified solutions,More stable processes and clearer ownership,Reduced leakage/cost or protected revenue (measure before claim),Case-specific; require baseline,Time-to-market,Change resistance; data quality; scope creep,"Phased pilot, clear RACI, measured gates",,,Banking,"Medium, Enterprise",COO / Function Head / CIO (as applicable),Medium-High,Evidence-based baseline and KPI-linked design,,,Active,2026-07-10,confidence=0.88 | sources=SRC-000010;SRC-000005;SRC-000004 | retrieved=2026-07-10 | version=knowledge-v2.0-batch-006-solution | batch=Batch-006 | related_pain=PAIN-003 | class=solution_pattern | dps=v1.0
SOL-004,KYC Exception Factory — PAIN-004,Ops Excellence,PAIN-004,KYC exception queues slowing digital onboarding,Reduce impact of: KYC exception queues slowing digital onboarding,"Industrialize KYC exception handling with SLAs, QA sampling, and secure workflows. Follow DPS: measure baseline, implement, validate outcomes.",,Discover → baseline KPIs → pilot → scale → control,3-9 Months (phased),Medium-High,"Business owner, process SME, technology partner, change management",Executive sponsor; data access; process owners; trusted sources for design inputs,Measurable improvement in KPI Affected when addressed with verified solutions,More stable processes and clearer ownership,Reduced leakage/cost or protected revenue (measure before claim),Case-specific; require baseline,"STP rate, onboarding TAT",Change resistance; data quality; scope creep,"Phased pilot, clear RACI, measured gates",,,Fintech & Digital Finance,"Medium, Enterprise",COO / Function Head / CIO (as applicable),Medium-High,Evidence-based baseline and KPI-linked design,,,Active,2026-07-10,confidence=0.90 | sources=SRC-000010;SRC-000004 | retrieved=2026-07-10 | version=knowledge-v2.0-batch-006-solution | batch=Batch-006 | related_pain=PAIN-004 | class=solution_pattern | dps=v1.0
SOL-005,Operating Model & Queue Industrialization — PAIN-005,Ops Excellence,PAIN-005,Claims cycle time too long for customer NPS,Reduce impact of: Claims cycle time too long for customer NPS,"Stabilize back-office queues with SOPs, capacity model, and system support. Follow DPS: measure baseline, implement, validate outcomes.",,Discover → baseline KPIs → pilot → scale → control,3-9 Months (phased),Medium-High,"Business owner, process SME, technology partner, change management",Executive sponsor; data access; process owners; trusted sources for design inputs,Measurable improvement in KPI Affected when addressed with verified solutions,More stable processes and clearer ownership,Reduced leakage/cost or protected revenue (measure before claim),Case-specific; require baseline,"Claims cycle time, NPS",Change resistance; data quality; scope creep,"Phased pilot, clear RACI, measured gates",,,Insurance,"Medium, Enterprise",COO / Function Head / CIO (as applicable),Medium-High,Evidence-based baseline and KPI-linked design,,,Active,2026-07-10,confidence=0.89 | sources=SRC-000010;SRC-000004 | retrieved=2026-07-10 | version=knowledge-v2.0-batch-006-solution | batch=Batch-006 | related_pain=PAIN-005 | class=solution_pattern | dps=v1.0
SOL-006,Operating Model & Queue Industrialization — PAIN-006,Ops Excellence,PAIN-006,Policy administration backlog after product launches,Reduce impact of: Policy administration backlog after product launches,"Stabilize back-office queues with SOPs, capacity model, and system support. Follow DPS: measure baseline, implement, validate outcomes.",,Discover → baseline KPIs → pilot → scale → control,3-9 Months (phased),Medium-High,"Business owner, process SME, technology partner, change management",Executive sponsor; data access; process owners; trusted sources for design inputs,Measurable improvement in KPI Affected when addressed with verified solutions,More stable processes and clearer ownership,Reduced leakage/cost or protected revenue (measure before claim),Case-specific; require baseline,"TAT, error rate",Change resistance; data quality; scope creep,"Phased pilot, clear RACI, measured gates",,,Insurance,"Medium, Enterprise",COO / Function Head / CIO (as applicable),Medium-High,Evidence-based baseline and KPI-linked design,,,Active,2026-07-10,confidence=0.87 | sources=SRC-000010;SRC-000011 | retrieved=2026-07-10 | version=knowledge-v2.0-batch-006-solution | batch=Batch-006 | related_pain=PAIN-006 | class=solution_pattern | dps=v1.0
SOL-007,Network Monetization & Cost-to-Serve Program — PAIN-007,Commercial Ops,PAIN-007,Network densification cost vs ARPU pressure,Reduce impact of: Network densification cost vs ARPU pressure,"Align network investment to monetizable demand and cost-to-serve transparency. Follow DPS: measure baseline, implement, validate outcomes.",,Discover → baseline KPIs → pilot → scale → control,3-9 Months (phased),Medium-High,"Business owner, process SME, technology partner, change management",Executive sponsor; data access; process owners; trusted sources for design inputs,Measurable improvement in KPI Affected when addressed with verified solutions,More stable processes and clearer ownership,Reduced leakage/cost or protected revenue (measure before claim),Case-specific; require baseline,"ARPU, cost per GB",Change resistance; data quality; scope creep,"Phased pilot, clear RACI, measured gates",,,Telecommunications,"Medium, Enterprise",COO / Function Head / CIO (as applicable),Medium-High,Evidence-based baseline and KPI-linked design,,,Active,2026-07-10,confidence=0.89 | sources=SRC-000001;SRC-000004;SRC-000005 | retrieved=2026-07-10 | version=knowledge-v2.0-batch-006-solution | batch=Batch-006 | related_pain=PAIN-007 | class=solution_pattern | dps=v1.0
SOL-008,Core Decoupling & Product Velocity Program — PAIN-008,Architecture,PAIN-008,BSS stack slows new telecom offers,Reduce impact of: BSS stack slows new telecom offers,"Reduce core coupling via APIs/product factories and staged modernization. Follow DPS: measure baseline, implement, validate outcomes.",,Discover → baseline KPIs → pilot → scale → control,3-9 Months (phased),Medium-High,"Business owner, process SME, technology partner, change management",Executive sponsor; data access; process owners; trusted sources for design inputs,Measurable improvement in KPI Affected when addressed with verified solutions,More stable processes and clearer ownership,Reduced leakage/cost or protected revenue (measure before claim),Case-specific; require baseline,Offer TTM,Change resistance; data quality; scope creep,"Phased pilot, clear RACI, measured gates",,,Telecommunications,"Medium, Enterprise",COO / Function Head / CIO (as applicable),Medium-High,Evidence-based baseline and KPI-linked design,,,Active,2026-07-10,confidence=0.88 | sources=SRC-000004;SRC-000005 | retrieved=2026-07-10 | version=knowledge-v2.0-batch-006-solution | batch=Batch-006 | related_pain=PAIN-008 | class=solution_pattern | dps=v1.0
SOL-009,Operating Model & Queue Industrialization — PAIN-009,Ops Excellence,PAIN-009,Tower field operations inefficiencies,Reduce impact of: Tower field operations inefficiencies,"Stabilize back-office queues with SOPs, capacity model, and system support. Follow DPS: measure baseline, implement, validate outcomes.",,Discover → baseline KPIs → pilot → scale → control,3-9 Months (phased),Medium-High,"Business owner, process SME, technology partner, change management",Executive sponsor; data access; process owners; trusted sources for design inputs,Measurable improvement in KPI Affected when addressed with verified solutions,More stable processes and clearer ownership,Reduced leakage/cost or protected revenue (measure before claim),Case-specific; require baseline,"Truck rolls, energy/site",Change resistance; data quality; scope creep,"Phased pilot, clear RACI, measured gates",,,Telecommunications,"Medium, Enterprise",COO / Function Head / CIO (as applicable),Medium-High,Evidence-based baseline and KPI-linked design,,,Active,2026-07-10,confidence=0.86 | sources=SRC-000001;SRC-000004 | retrieved=2026-07-10 | version=knowledge-v2.0-batch-006-solution | batch=Batch-006 | related_pain=PAIN-009 | class=solution_pattern | dps=v1.0
SOL-010,Reliability & Predictive Maintenance Program — PAIN-010,Asset Reliability,PAIN-010,Unplanned downtime on critical plant assets,Reduce impact of: Unplanned downtime on critical plant assets,"Shift from reactive to planned/predictive maintenance on critical assets. Follow DPS: measure baseline, implement, validate outcomes.",,Discover → baseline KPIs → pilot → scale → control,3-9 Months (phased),Medium-High,"Business owner, process SME, technology partner, change management",Executive sponsor; data access; process owners; trusted sources for design inputs,Measurable improvement in KPI Affected when addressed with verified solutions,More stable processes and clearer ownership,Reduced leakage/cost or protected revenue (measure before claim),Case-specific; require baseline,"OEE, unplanned downtime",Change resistance; data quality; scope creep,"Phased pilot, clear RACI, measured gates",,,Manufacturing,"Medium, Enterprise",COO / Function Head / CIO (as applicable),Medium-High,Evidence-based baseline and KPI-linked design,,,Active,2026-07-10,confidence=0.90 | sources=SRC-000007;SRC-000001;SRC-000004 | retrieved=2026-07-10 | version=knowledge-v2.0-batch-006-solution | batch=Batch-006 | related_pain=PAIN-010 | class=solution_pattern | dps=v1.0
SOL-011,Inventory Integrity Program — PAIN-011,Supply Chain,PAIN-011,Inventory accuracy gaps across plants and DCs,Reduce impact of: Inventory accuracy gaps across plants and DCs,"Raise inventory accuracy via process, counts, and WMS discipline. Follow DPS: measure baseline, implement, validate outcomes.",,Discover → baseline KPIs → pilot → scale → control,3-9 Months (phased),Medium-High,"Business owner, process SME, technology partner, change management",Executive sponsor; data access; process owners; trusted sources for design inputs,Measurable improvement in KPI Affected when addressed with verified solutions,More stable processes and clearer ownership,Reduced leakage/cost or protected revenue (measure before claim),Case-specific; require baseline,"Inventory accuracy, OTIF",Change resistance; data quality; scope creep,"Phased pilot, clear RACI, measured gates",,,Manufacturing,"Medium, Enterprise",COO / Function Head / CIO (as applicable),Medium-High,Evidence-based baseline and KPI-linked design,,,Active,2026-07-10,confidence=0.89 | sources=SRC-000001;SRC-000004 | retrieved=2026-07-10 | version=knowledge-v2.0-batch-006-solution | batch=Batch-006 | related_pain=PAIN-011 | class=solution_pattern | dps=v1.0
SOL-012,Energy & Cost Takeout Program — PAIN-012,Cost Transformation,PAIN-012,Energy intensity eroding manufacturing margins,Reduce impact of: Energy intensity eroding manufacturing margins,"Baseline cost drivers and execute measured efficiency initiatives. Follow DPS: measure baseline, implement, validate outcomes.",,Discover → baseline KPIs → pilot → scale → control,3-9 Months (phased),Medium-High,"Business owner, process SME, technology partner, change management",Executive sponsor; data access; process owners; trusted sources for design inputs,Measurable improvement in KPI Affected when addressed with verified solutions,More stable processes and clearer ownership,Reduced leakage/cost or protected revenue (measure before claim),Case-specific; require baseline,"kWh/unit, energy cost",Change resistance; data quality; scope creep,"Phased pilot, clear RACI, measured gates",,,Manufacturing,"Medium, Enterprise",COO / Function Head / CIO (as applicable),Medium-High,Evidence-based baseline and KPI-linked design,,,Active,2026-07-10,confidence=0.89 | sources=SRC-000001;SRC-000007;SRC-000004 | retrieved=2026-07-10 | version=knowledge-v2.0-batch-006-solution | batch=Batch-006 | related_pain=PAIN-012 | class=solution_pattern | dps=v1.0
SOL-013,Electronic Quality System Uplift — PAIN-013,Quality System,PAIN-013,Quality nonconformities and CAPA aging,Reduce impact of: Quality nonconformities and CAPA aging,"Strengthen deviation/CAPA discipline with electronic QMS and training. Follow DPS: measure baseline, implement, validate outcomes.",,Discover → baseline KPIs → pilot → scale → control,3-9 Months (phased),Medium-High,"Business owner, process SME, technology partner, change management",Executive sponsor; data access; process owners; trusted sources for design inputs,Measurable improvement in KPI Affected when addressed with verified solutions,More stable processes and clearer ownership,Reduced leakage/cost or protected revenue (measure before claim),Case-specific; require baseline,"CAPA aging, batch rejection",Change resistance; data quality; scope creep,"Phased pilot, clear RACI, measured gates",,,Pharmaceuticals,"Medium, Enterprise",COO / Function Head / CIO (as applicable),Medium-High,Evidence-based baseline and KPI-linked design,,,Active,2026-07-10,confidence=0.90 | sources=SRC-000007;SRC-000004 | retrieved=2026-07-10 | version=knowledge-v2.0-batch-006-solution | batch=Batch-006 | related_pain=PAIN-013 | class=solution_pattern | dps=v1.0
SOL-014,Lab Throughput Optimization — PAIN-014,Lab Ops,PAIN-014,Lab sample TAT delaying batch release,Reduce impact of: Lab sample TAT delaying batch release,"Reduce lab TAT via LIMS workflows, capacity, and instrument utilization. Follow DPS: measure baseline, implement, validate outcomes.",,Discover → baseline KPIs → pilot → scale → control,3-9 Months (phased),Medium-High,"Business owner, process SME, technology partner, change management",Executive sponsor; data access; process owners; trusted sources for design inputs,Measurable improvement in KPI Affected when addressed with verified solutions,More stable processes and clearer ownership,Reduced leakage/cost or protected revenue (measure before claim),Case-specific; require baseline,"Lab TAT, release cycle",Change resistance; data quality; scope creep,"Phased pilot, clear RACI, measured gates",,,Pharmaceuticals,"Medium, Enterprise",COO / Function Head / CIO (as applicable),Medium-High,Evidence-based baseline and KPI-linked design,,,Active,2026-07-10,confidence=0.88 | sources=SRC-000007;SRC-000004 | retrieved=2026-07-10 | version=knowledge-v2.0-batch-006-solution | batch=Batch-006 | related_pain=PAIN-014 | class=solution_pattern | dps=v1.0
SOL-015,Revenue Cycle Integrity Program — PAIN-015,RCM,PAIN-015,Hospital revenue cycle leakage,Reduce impact of: Hospital revenue cycle leakage,"Reduce denials and AR days through documentation and process controls. Follow DPS: measure baseline, implement, validate outcomes.",,Discover → baseline KPIs → pilot → scale → control,3-9 Months (phased),Medium-High,"Business owner, process SME, technology partner, change management",Executive sponsor; data access; process owners; trusted sources for design inputs,Measurable improvement in KPI Affected when addressed with verified solutions,More stable processes and clearer ownership,Reduced leakage/cost or protected revenue (measure before claim),Case-specific; require baseline,"Denial %, days in AR",Change resistance; data quality; scope creep,"Phased pilot, clear RACI, measured gates",,,Healthcare Services,"Medium, Enterprise",COO / Function Head / CIO (as applicable),Medium-High,Evidence-based baseline and KPI-linked design,,,Active,2026-07-10,confidence=0.87 | sources=SRC-000004;SRC-000001 | retrieved=2026-07-10 | version=knowledge-v2.0-batch-006-solution | batch=Batch-006 | related_pain=PAIN-015 | class=solution_pattern | dps=v1.0
SOL-016,Core Decoupling & Product Velocity Program — PAIN-016,Architecture,PAIN-016,Clinical system fragmentation across hospital units,Reduce impact of: Clinical system fragmentation across hospital units,"Reduce core coupling via APIs/product factories and staged modernization. Follow DPS: measure baseline, implement, validate outcomes.",,Discover → baseline KPIs → pilot → scale → control,3-9 Months (phased),Medium-High,"Business owner, process SME, technology partner, change management",Executive sponsor; data access; process owners; trusted sources for design inputs,Measurable improvement in KPI Affected when addressed with verified solutions,More stable processes and clearer ownership,Reduced leakage/cost or protected revenue (measure before claim),Case-specific; require baseline,Duplicate documentation rate,Change resistance; data quality; scope creep,"Phased pilot, clear RACI, measured gates",,,Healthcare Services,"Medium, Enterprise",COO / Function Head / CIO (as applicable),Medium-High,Evidence-based baseline and KPI-linked design,,,Active,2026-07-10,confidence=0.87 | sources=SRC-000004;SRC-000001 | retrieved=2026-07-10 | version=knowledge-v2.0-batch-006-solution | batch=Batch-006 | related_pain=PAIN-016 | class=solution_pattern | dps=v1.0
SOL-017,Operating Model & Queue Industrialization — PAIN-017,Ops Excellence,PAIN-017,Peak-season warehouse throughput collapse,Reduce impact of: Peak-season warehouse throughput collapse,"Stabilize back-office queues with SOPs, capacity model, and system support. Follow DPS: measure baseline, implement, validate outcomes.",,Discover → baseline KPIs → pilot → scale → control,3-9 Months (phased),Medium-High,"Business owner, process SME, technology partner, change management",Executive sponsor; data access; process owners; trusted sources for design inputs,Measurable improvement in KPI Affected when addressed with verified solutions,More stable processes and clearer ownership,Reduced leakage/cost or protected revenue (measure before claim),Case-specific; require baseline,"OTIF, order cycle time",Change resistance; data quality; scope creep,"Phased pilot, clear RACI, measured gates",,,E-commerce,"Medium, Enterprise",COO / Function Head / CIO (as applicable),Medium-High,Evidence-based baseline and KPI-linked design,,,Active,2026-07-10,confidence=0.89 | sources=SRC-000001;SRC-000004 | retrieved=2026-07-10 | version=knowledge-v2.0-batch-006-solution | batch=Batch-006 | related_pain=PAIN-017 | class=solution_pattern | dps=v1.0
SOL-018,Last-Mile Control Tower — PAIN-018,Logistics,PAIN-018,Last-mile delivery failure rates,Reduce impact of: Last-mile delivery failure rates,"Orchestrate carriers and exceptions with SLA dashboards and playbooks. Follow DPS: measure baseline, implement, validate outcomes.",,Discover → baseline KPIs → pilot → scale → control,3-9 Months (phased),Medium-High,"Business owner, process SME, technology partner, change management",Executive sponsor; data access; process owners; trusted sources for design inputs,Measurable improvement in KPI Affected when addressed with verified solutions,More stable processes and clearer ownership,Reduced leakage/cost or protected revenue (measure before claim),Case-specific; require baseline,First-attempt success,Change resistance; data quality; scope creep,"Phased pilot, clear RACI, measured gates",,,E-commerce,"Medium, Enterprise",COO / Function Head / CIO (as applicable),Medium-High,Evidence-based baseline and KPI-linked design,,,Active,2026-07-10,confidence=0.88 | sources=SRC-000001;SRC-000004 | retrieved=2026-07-10 | version=knowledge-v2.0-batch-006-solution | batch=Batch-006 | related_pain=PAIN-018 | class=solution_pattern | dps=v1.0
SOL-019,Trust & Safety Ops Scale-up — PAIN-019,Trust & Safety,PAIN-019,Seller quality and listing compliance issues,Reduce impact of: Seller quality and listing compliance issues,"Scale policy enforcement with trained capacity and audit sampling. Follow DPS: measure baseline, implement, validate outcomes.",,Discover → baseline KPIs → pilot → scale → control,3-9 Months (phased),Medium-High,"Business owner, process SME, technology partner, change management",Executive sponsor; data access; process owners; trusted sources for design inputs,Measurable improvement in KPI Affected when addressed with verified solutions,More stable processes and clearer ownership,Reduced leakage/cost or protected revenue (measure before claim),Case-specific; require baseline,"Dispute rate, takedown TAT",Change resistance; data quality; scope creep,"Phased pilot, clear RACI, measured gates",,,E-commerce,"Medium, Enterprise",COO / Function Head / CIO (as applicable),Medium-High,Evidence-based baseline and KPI-linked design,,,Active,2026-07-10,confidence=0.86 | sources=SRC-000004;SRC-000005 | retrieved=2026-07-10 | version=knowledge-v2.0-batch-006-solution | batch=Batch-006 | related_pain=PAIN-019 | class=solution_pattern | dps=v1.0
SOL-020,Cold Chain Integrity Program — PAIN-020,Cold Chain,PAIN-020,Cold chain breaks for perishable goods,Reduce impact of: Cold chain breaks for perishable goods,"Prevent temperature excursions with monitoring and lane design. Follow DPS: measure baseline, implement, validate outcomes.",,Discover → baseline KPIs → pilot → scale → control,3-9 Months (phased),Medium-High,"Business owner, process SME, technology partner, change management",Executive sponsor; data access; process owners; trusted sources for design inputs,Measurable improvement in KPI Affected when addressed with verified solutions,More stable processes and clearer ownership,Reduced leakage/cost or protected revenue (measure before claim),Case-specific; require baseline,"Spoilage %, excursion rate",Change resistance; data quality; scope creep,"Phased pilot, clear RACI, measured gates",,,Food & Beverage Processing,"Medium, Enterprise",COO / Function Head / CIO (as applicable),Medium-High,Evidence-based baseline and KPI-linked design,,,Active,2026-07-10,confidence=0.89 | sources=SRC-000001;SRC-000004 | retrieved=2026-07-10 | version=knowledge-v2.0-batch-006-solution | batch=Batch-006 | related_pain=PAIN-020 | class=solution_pattern | dps=v1.0
SOL-021,Route-to-Market Visibility Program — PAIN-021,GTM,PAIN-021,Route-to-market complexity across traditional trade,Reduce impact of: Route-to-market complexity across traditional trade,"Improve OSA and promo compliance with field execution evidence. Follow DPS: measure baseline, implement, validate outcomes.",,Discover → baseline KPIs → pilot → scale → control,3-9 Months (phased),Medium-High,"Business owner, process SME, technology partner, change management",Executive sponsor; data access; process owners; trusted sources for design inputs,Measurable improvement in KPI Affected when addressed with verified solutions,More stable processes and clearer ownership,Reduced leakage/cost or protected revenue (measure before claim),Case-specific; require baseline,"OSA, sell-out",Change resistance; data quality; scope creep,"Phased pilot, clear RACI, measured gates",,,Food & Beverage Processing,"Medium, Enterprise",COO / Function Head / CIO (as applicable),Medium-High,Evidence-based baseline and KPI-linked design,,,Active,2026-07-10,confidence=0.87 | sources=SRC-000001;SRC-000004 | retrieved=2026-07-10 | version=knowledge-v2.0-batch-006-solution | batch=Batch-006 | related_pain=PAIN-021 | class=solution_pattern | dps=v1.0
SOL-022,Procurement Resilience Program — PAIN-022,Procurement,PAIN-022,Commodity input price volatility,Reduce impact of: Commodity input price volatility,"Reduce supplier concentration risk and improve sourcing discipline. Follow DPS: measure baseline, implement, validate outcomes.",,Discover → baseline KPIs → pilot → scale → control,3-9 Months (phased),Medium-High,"Business owner, process SME, technology partner, change management",Executive sponsor; data access; process owners; trusted sources for design inputs,Measurable improvement in KPI Affected when addressed with verified solutions,More stable processes and clearer ownership,Reduced leakage/cost or protected revenue (measure before claim),Case-specific; require baseline,COGS variance,Change resistance; data quality; scope creep,"Phased pilot, clear RACI, measured gates",,,Food & Beverage Processing,"Medium, Enterprise",COO / Function Head / CIO (as applicable),Medium-High,Evidence-based baseline and KPI-linked design,,,Active,2026-07-10,confidence=0.88 | sources=SRC-000001;SRC-000004 | retrieved=2026-07-10 | version=knowledge-v2.0-batch-006-solution | batch=Batch-006 | related_pain=PAIN-022 | class=solution_pattern | dps=v1.0
SOL-023,Dispatch & Cycle Time Optimization — PAIN-023,Ops Productivity,PAIN-023,Mine haulage cycle time inefficiency,Reduce impact of: Mine haulage cycle time inefficiency,"Improve asset/labor productivity with dispatch discipline and analytics. Follow DPS: measure baseline, implement, validate outcomes.",,Discover → baseline KPIs → pilot → scale → control,3-9 Months (phased),Medium-High,"Business owner, process SME, technology partner, change management",Executive sponsor; data access; process owners; trusted sources for design inputs,Measurable improvement in KPI Affected when addressed with verified solutions,More stable processes and clearer ownership,Reduced leakage/cost or protected revenue (measure before claim),Case-specific; require baseline,"Tons/hour, cycle time",Change resistance; data quality; scope creep,"Phased pilot, clear RACI, measured gates",,,Mining & Quarrying,"Medium, Enterprise",COO / Function Head / CIO (as applicable),Medium-High,Evidence-based baseline and KPI-linked design,,,Active,2026-07-10,confidence=0.87 | sources=SRC-000001;SRC-000004 | retrieved=2026-07-10 | version=knowledge-v2.0-batch-006-solution | batch=Batch-006 | related_pain=PAIN-023 | class=solution_pattern | dps=v1.0
SOL-024,Sustainability Assurance Operating System — PAIN-024,ESG Ops,PAIN-024,ESG evidence gaps before buyer/certification audits,Reduce impact of: ESG evidence gaps before buyer/certification audits,"Industrialize evidence collection and internal audit readiness. Follow DPS: measure baseline, implement, validate outcomes.",,Discover → baseline KPIs → pilot → scale → control,3-9 Months (phased),Medium-High,"Business owner, process SME, technology partner, change management",Executive sponsor; data access; process owners; trusted sources for design inputs,Measurable improvement in KPI Affected when addressed with verified solutions,More stable processes and clearer ownership,Reduced leakage/cost or protected revenue (measure before claim),Case-specific; require baseline,"NC count, CAR aging",Change resistance; data quality; scope creep,"Phased pilot, clear RACI, measured gates",,,Palm Oil & Plantations,"Medium, Enterprise",COO / Function Head / CIO (as applicable),Medium-High,Evidence-based baseline and KPI-linked design,,,Active,2026-07-10,confidence=0.89 | sources=SRC-000004;SRC-000006;SRC-000001 | retrieved=2026-07-10 | version=knowledge-v2.0-batch-006-solution | batch=Batch-006 | related_pain=PAIN-024 | class=solution_pattern | dps=v1.0
SOL-025,Dispatch & Cycle Time Optimization — PAIN-025,Ops Productivity,PAIN-025,Smallholder yield variability in offtake networks,Reduce impact of: Smallholder yield variability in offtake networks,"Improve asset/labor productivity with dispatch discipline and analytics. Follow DPS: measure baseline, implement, validate outcomes.",,Discover → baseline KPIs → pilot → scale → control,3-9 Months (phased),Medium-High,"Business owner, process SME, technology partner, change management",Executive sponsor; data access; process owners; trusted sources for design inputs,Measurable improvement in KPI Affected when addressed with verified solutions,More stable processes and clearer ownership,Reduced leakage/cost or protected revenue (measure before claim),Case-specific; require baseline,"Yield/ha, rejection rate",Change resistance; data quality; scope creep,"Phased pilot, clear RACI, measured gates",,,Agriculture,"Medium, Enterprise",COO / Function Head / CIO (as applicable),Medium-High,Evidence-based baseline and KPI-linked design,,,Active,2026-07-10,confidence=0.88 | sources=SRC-000001;SRC-000004 | retrieved=2026-07-10 | version=knowledge-v2.0-batch-006-solution | batch=Batch-006 | related_pain=PAIN-025 | class=solution_pattern | dps=v1.0
SOL-026,Project Cash Controls Program — PAIN-026,Project Controls,PAIN-026,Construction project cash flow and claims delays,Reduce impact of: Construction project cash flow and claims delays,"Tighten claims, billing, and cash forecasting on projects. Follow DPS: measure baseline, implement, validate outcomes.",,Discover → baseline KPIs → pilot → scale → control,3-9 Months (phased),Medium-High,"Business owner, process SME, technology partner, change management",Executive sponsor; data access; process owners; trusted sources for design inputs,Measurable improvement in KPI Affected when addressed with verified solutions,More stable processes and clearer ownership,Reduced leakage/cost or protected revenue (measure before claim),Case-specific; require baseline,"DSO, claim cycle",Change resistance; data quality; scope creep,"Phased pilot, clear RACI, measured gates",,,Construction,"Medium, Enterprise",COO / Function Head / CIO (as applicable),Medium-High,Evidence-based baseline and KPI-linked design,,,Active,2026-07-10,confidence=0.87 | sources=SRC-000001;SRC-000008 | retrieved=2026-07-10 | version=knowledge-v2.0-batch-006-solution | batch=Batch-006 | related_pain=PAIN-026 | class=solution_pattern | dps=v1.0
SOL-027,Enterprise Project Controls Standard — PAIN-027,PMO,PAIN-027,Multi-project controls inconsistency,Reduce impact of: Multi-project controls inconsistency,"Standardize WBS, baselines, and portfolio reporting. Follow DPS: measure baseline, implement, validate outcomes.",,Discover → baseline KPIs → pilot → scale → control,3-9 Months (phased),Medium-High,"Business owner, process SME, technology partner, change management",Executive sponsor; data access; process owners; trusted sources for design inputs,Measurable improvement in KPI Affected when addressed with verified solutions,More stable processes and clearer ownership,Reduced leakage/cost or protected revenue (measure before claim),Case-specific; require baseline,SPI/CPI,Change resistance; data quality; scope creep,"Phased pilot, clear RACI, measured gates",,,Construction,"Medium, Enterprise",COO / Function Head / CIO (as applicable),Medium-High,Evidence-based baseline and KPI-linked design,,,Active,2026-07-10,confidence=0.86 | sources=SRC-000001;SRC-000008 | retrieved=2026-07-10 | version=knowledge-v2.0-batch-006-solution | batch=Batch-006 | related_pain=PAIN-027 | class=solution_pattern | dps=v1.0
SOL-028,Operating Model & Queue Industrialization — PAIN-028,Ops Excellence,PAIN-028,Port congestion and document handoff delays,Reduce impact of: Port congestion and document handoff delays,"Stabilize back-office queues with SOPs, capacity model, and system support. Follow DPS: measure baseline, implement, validate outcomes.",,Discover → baseline KPIs → pilot → scale → control,3-9 Months (phased),Medium-High,"Business owner, process SME, technology partner, change management",Executive sponsor; data access; process owners; trusted sources for design inputs,Measurable improvement in KPI Affected when addressed with verified solutions,More stable processes and clearer ownership,Reduced leakage/cost or protected revenue (measure before claim),Case-specific; require baseline,Port stay variance,Change resistance; data quality; scope creep,"Phased pilot, clear RACI, measured gates",,,Ports & Terminals,"Medium, Enterprise",COO / Function Head / CIO (as applicable),Medium-High,Evidence-based baseline and KPI-linked design,,,Active,2026-07-10,confidence=0.88 | sources=SRC-000001;SRC-000006 | retrieved=2026-07-10 | version=knowledge-v2.0-batch-006-solution | batch=Batch-006 | related_pain=PAIN-028 | class=solution_pattern | dps=v1.0
SOL-029,Energy & Cost Takeout Program — PAIN-029,Cost Transformation,PAIN-029,Airline fuel cost and ops efficiency pressure,Reduce impact of: Airline fuel cost and ops efficiency pressure,"Baseline cost drivers and execute measured efficiency initiatives. Follow DPS: measure baseline, implement, validate outcomes.",,Discover → baseline KPIs → pilot → scale → control,3-9 Months (phased),Medium-High,"Business owner, process SME, technology partner, change management",Executive sponsor; data access; process owners; trusted sources for design inputs,Measurable improvement in KPI Affected when addressed with verified solutions,More stable processes and clearer ownership,Reduced leakage/cost or protected revenue (measure before claim),Case-specific; require baseline,"Fuel/ASK, OTP",Change resistance; data quality; scope creep,"Phased pilot, clear RACI, measured gates",,,Aviation,"Medium, Enterprise",COO / Function Head / CIO (as applicable),Medium-High,Evidence-based baseline and KPI-linked design,,,Active,2026-07-10,confidence=0.87 | sources=SRC-000001;SRC-000004 | retrieved=2026-07-10 | version=knowledge-v2.0-batch-006-solution | batch=Batch-006 | related_pain=PAIN-029 | class=solution_pattern | dps=v1.0
SOL-030,Reliability & Predictive Maintenance Program — PAIN-030,Asset Reliability,PAIN-030,Grid losses and outage minutes too high,Reduce impact of: Grid losses and outage minutes too high,"Shift from reactive to planned/predictive maintenance on critical assets. Follow DPS: measure baseline, implement, validate outcomes.",,Discover → baseline KPIs → pilot → scale → control,3-9 Months (phased),Medium-High,"Business owner, process SME, technology partner, change management",Executive sponsor; data access; process owners; trusted sources for design inputs,Measurable improvement in KPI Affected when addressed with verified solutions,More stable processes and clearer ownership,Reduced leakage/cost or protected revenue (measure before claim),Case-specific; require baseline,"SAIDI/SAIFI, loss %",Change resistance; data quality; scope creep,"Phased pilot, clear RACI, measured gates",,,Electricity & Utilities,"Medium, Enterprise",COO / Function Head / CIO (as applicable),Medium-High,Evidence-based baseline and KPI-linked design,,,Active,2026-07-10,confidence=0.90 | sources=SRC-000001;SRC-000004 | retrieved=2026-07-10 | version=knowledge-v2.0-batch-006-solution | batch=Batch-006 | related_pain=PAIN-030 | class=solution_pattern | dps=v1.0
SOL-031,Meter Data Quality Program — PAIN-031,AMI Ops,PAIN-031,AMI / meter data quality problems,Reduce impact of: AMI / meter data quality problems,"Improve VEE pass rates and billing quality. Follow DPS: measure baseline, implement, validate outcomes.",,Discover → baseline KPIs → pilot → scale → control,3-9 Months (phased),Medium-High,"Business owner, process SME, technology partner, change management",Executive sponsor; data access; process owners; trusted sources for design inputs,Measurable improvement in KPI Affected when addressed with verified solutions,More stable processes and clearer ownership,Reduced leakage/cost or protected revenue (measure before claim),Case-specific; require baseline,"Estimate %, VEE pass",Change resistance; data quality; scope creep,"Phased pilot, clear RACI, measured gates",,,Electricity & Utilities,"Medium, Enterprise",COO / Function Head / CIO (as applicable),Medium-High,Evidence-based baseline and KPI-linked design,,,Active,2026-07-10,confidence=0.89 | sources=SRC-000001;SRC-000004 | retrieved=2026-07-10 | version=knowledge-v2.0-batch-006-solution | batch=Batch-006 | related_pain=PAIN-031 | class=solution_pattern | dps=v1.0
SOL-032,On-Shelf Availability Program — PAIN-032,Retail Ops,PAIN-032,Retail on-shelf availability gaps,Reduce impact of: Retail on-shelf availability gaps,"Raise OSA via replenishment and field execution. Follow DPS: measure baseline, implement, validate outcomes.",,Discover → baseline KPIs → pilot → scale → control,3-9 Months (phased),Medium-High,"Business owner, process SME, technology partner, change management",Executive sponsor; data access; process owners; trusted sources for design inputs,Measurable improvement in KPI Affected when addressed with verified solutions,More stable processes and clearer ownership,Reduced leakage/cost or protected revenue (measure before claim),Case-specific; require baseline,"OSA %, lost sales",Change resistance; data quality; scope creep,"Phased pilot, clear RACI, measured gates",,,Retail Trade,"Medium, Enterprise",COO / Function Head / CIO (as applicable),Medium-High,Evidence-based baseline and KPI-linked design,,,Active,2026-07-10,confidence=0.88 | sources=SRC-000001;SRC-000004 | retrieved=2026-07-10 | version=knowledge-v2.0-batch-006-solution | batch=Batch-006 | related_pain=PAIN-032 | class=solution_pattern | dps=v1.0
SOL-033,Inventory Promise Integrity — PAIN-033,Omnichannel,PAIN-033,Omnichannel inventory not reliable,Reduce impact of: Omnichannel inventory not reliable,"Align ATP promise to real stock with sync and governance. Follow DPS: measure baseline, implement, validate outcomes.",,Discover → baseline KPIs → pilot → scale → control,3-9 Months (phased),Medium-High,"Business owner, process SME, technology partner, change management",Executive sponsor; data access; process owners; trusted sources for design inputs,Measurable improvement in KPI Affected when addressed with verified solutions,More stable processes and clearer ownership,Reduced leakage/cost or protected revenue (measure before claim),Case-specific; require baseline,"Cancel rate, inventory accuracy",Change resistance; data quality; scope creep,"Phased pilot, clear RACI, measured gates",,,Retail Trade,"Medium, Enterprise",COO / Function Head / CIO (as applicable),Medium-High,Evidence-based baseline and KPI-linked design,,,Active,2026-07-10,confidence=0.87 | sources=SRC-000001;SRC-000004 | retrieved=2026-07-10 | version=knowledge-v2.0-batch-006-solution | batch=Batch-006 | related_pain=PAIN-033 | class=solution_pattern | dps=v1.0
SOL-034,Revenue Management Operating Rhythm — PAIN-034,Commercial,PAIN-034,Hospitality RevPAR underperformance vs market,Reduce impact of: Hospitality RevPAR underperformance vs market,"Install weekly RM cadence and pricing discipline. Follow DPS: measure baseline, implement, validate outcomes.",,Discover → baseline KPIs → pilot → scale → control,3-9 Months (phased),Medium-High,"Business owner, process SME, technology partner, change management",Executive sponsor; data access; process owners; trusted sources for design inputs,Measurable improvement in KPI Affected when addressed with verified solutions,More stable processes and clearer ownership,Reduced leakage/cost or protected revenue (measure before claim),Case-specific; require baseline,RevPAR index,Change resistance; data quality; scope creep,"Phased pilot, clear RACI, measured gates",,,Hospitality & Hotels,"Medium, Enterprise",COO / Function Head / CIO (as applicable),Medium-High,Evidence-based baseline and KPI-linked design,,,Active,2026-07-10,confidence=0.86 | sources=SRC-000001;SRC-000004 | retrieved=2026-07-10 | version=knowledge-v2.0-batch-006-solution | batch=Batch-006 | related_pain=PAIN-034 | class=solution_pattern | dps=v1.0
SOL-035,Smart Building Energy Program — PAIN-035,Facilities,PAIN-035,Building energy waste in commercial properties,Reduce impact of: Building energy waste in commercial properties,"Cut energy waste with metering, controls, and M&V. Follow DPS: measure baseline, implement, validate outcomes.",,Discover → baseline KPIs → pilot → scale → control,3-9 Months (phased),Medium-High,"Business owner, process SME, technology partner, change management",Executive sponsor; data access; process owners; trusted sources for design inputs,Measurable improvement in KPI Affected when addressed with verified solutions,More stable processes and clearer ownership,Reduced leakage/cost or protected revenue (measure before claim),Case-specific; require baseline,"kWh/m2, complaint rate",Change resistance; data quality; scope creep,"Phased pilot, clear RACI, measured gates",,,Real Estate,"Medium, Enterprise",COO / Function Head / CIO (as applicable),Medium-High,Evidence-based baseline and KPI-linked design,,,Active,2026-07-10,confidence=0.87 | sources=SRC-000001;SRC-000004 | retrieved=2026-07-10 | version=knowledge-v2.0-batch-006-solution | batch=Batch-006 | related_pain=PAIN-035 | class=solution_pattern | dps=v1.0
SOL-036,Detection & Response Uplift — PAIN-036,Cyber Defense,PAIN-036,Cybersecurity detection blind spots,Reduce impact of: Cybersecurity detection blind spots,"Expand detection coverage and response playbooks with measurable MTTD/MTTR. Follow DPS: measure baseline, implement, validate outcomes.",,Discover → baseline KPIs → pilot → scale → control,3-9 Months (phased),Medium-High,"Business owner, process SME, technology partner, change management",Executive sponsor; data access; process owners; trusted sources for design inputs,Measurable improvement in KPI Affected when addressed with verified solutions,More stable processes and clearer ownership,Reduced leakage/cost or protected revenue (measure before claim),Case-specific; require baseline,MTTD/MTTR,Change resistance; data quality; scope creep,"Phased pilot, clear RACI, measured gates",,,Software & SaaS,"Medium, Enterprise",COO / Function Head / CIO (as applicable),Medium-High,Evidence-based baseline and KPI-linked design,,,Active,2026-07-10,confidence=0.90 | sources=SRC-000010;SRC-000005;SRC-000004 | retrieved=2026-07-10 | version=knowledge-v2.0-batch-006-solution | batch=Batch-006 | related_pain=PAIN-036 | class=solution_pattern | dps=v1.0
SOL-037,Detection & Response Uplift — PAIN-037,Cyber Defense,PAIN-037,Identity sprawl and orphan accounts,Reduce impact of: Identity sprawl and orphan accounts,"Expand detection coverage and response playbooks with measurable MTTD/MTTR. Follow DPS: measure baseline, implement, validate outcomes.",,Discover → baseline KPIs → pilot → scale → control,3-9 Months (phased),Medium-High,"Business owner, process SME, technology partner, change management",Executive sponsor; data access; process owners; trusted sources for design inputs,Measurable improvement in KPI Affected when addressed with verified solutions,More stable processes and clearer ownership,Reduced leakage/cost or protected revenue (measure before claim),Case-specific; require baseline,Orphan account rate,Change resistance; data quality; scope creep,"Phased pilot, clear RACI, measured gates",,,Professional Services,"Medium, Enterprise",COO / Function Head / CIO (as applicable),Medium-High,Evidence-based baseline and KPI-linked design,,,Active,2026-07-10,confidence=0.89 | sources=SRC-000010;SRC-000005 | retrieved=2026-07-10 | version=knowledge-v2.0-batch-006-solution | batch=Batch-006 | related_pain=PAIN-037 | class=solution_pattern | dps=v1.0
SOL-038,Energy & Cost Takeout Program — PAIN-038,Cost Transformation,PAIN-038,Cloud spend overrun without FinOps control,Reduce impact of: Cloud spend overrun without FinOps control,"Baseline cost drivers and execute measured efficiency initiatives. Follow DPS: measure baseline, implement, validate outcomes.",,Discover → baseline KPIs → pilot → scale → control,3-9 Months (phased),Medium-High,"Business owner, process SME, technology partner, change management",Executive sponsor; data access; process owners; trusted sources for design inputs,Measurable improvement in KPI Affected when addressed with verified solutions,More stable processes and clearer ownership,Reduced leakage/cost or protected revenue (measure before claim),Case-specific; require baseline,Cloud cost variance,Change resistance; data quality; scope creep,"Phased pilot, clear RACI, measured gates",,,Software & SaaS,"Medium, Enterprise",COO / Function Head / CIO (as applicable),Medium-High,Evidence-based baseline and KPI-linked design,,,Active,2026-07-10,confidence=0.88 | sources=SRC-000005;SRC-000004 | retrieved=2026-07-10 | version=knowledge-v2.0-batch-006-solution | batch=Batch-006 | related_pain=PAIN-038 | class=solution_pattern | dps=v1.0
SOL-039,Public Bid Administration Excellence — PAIN-039,Capture Ops,PAIN-039,Public tender administrative disqualification,Reduce impact of: Public tender administrative disqualification,"Raise admin pass rates with checklists and compliance review. Follow DPS: measure baseline, implement, validate outcomes.",,Discover → baseline KPIs → pilot → scale → control,3-9 Months (phased),Medium-High,"Business owner, process SME, technology partner, change management",Executive sponsor; data access; process owners; trusted sources for design inputs,Measurable improvement in KPI Affected when addressed with verified solutions,More stable processes and clearer ownership,Reduced leakage/cost or protected revenue (measure before claim),Case-specific; require baseline,Admin pass rate,Change resistance; data quality; scope creep,"Phased pilot, clear RACI, measured gates",,,Professional Services,"Medium, Enterprise",COO / Function Head / CIO (as applicable),Medium-High,Evidence-based baseline and KPI-linked design,,,Active,2026-07-10,confidence=0.87 | sources=SRC-000014;SRC-000015;SRC-000001 | retrieved=2026-07-10 | version=knowledge-v2.0-batch-006-solution | batch=Batch-006 | related_pain=PAIN-039 | class=solution_pattern | dps=v1.0
SOL-040,Leading Indicator HSE System — PAIN-040,HSE,PAIN-040,HSE incident leading indicators weak,Reduce impact of: HSE incident leading indicators weak,"Strengthen inspections, near-miss reporting, and contractor controls. Follow DPS: measure baseline, implement, validate outcomes.",,Discover → baseline KPIs → pilot → scale → control,3-9 Months (phased),Medium-High,"Business owner, process SME, technology partner, change management",Executive sponsor; data access; process owners; trusted sources for design inputs,Measurable improvement in KPI Affected when addressed with verified solutions,More stable processes and clearer ownership,Reduced leakage/cost or protected revenue (measure before claim),Case-specific; require baseline,"LTIFR, near-miss reporting",Change resistance; data quality; scope creep,"Phased pilot, clear RACI, measured gates",,,Construction,"Medium, Enterprise",COO / Function Head / CIO (as applicable),Medium-High,Evidence-based baseline and KPI-linked design,,,Active,2026-07-10,confidence=0.89 | sources=SRC-000011;SRC-000001 | retrieved=2026-07-10 | version=knowledge-v2.0-batch-006-solution | batch=Batch-006 | related_pain=PAIN-040 | class=solution_pattern | dps=v1.0
SOL-041,Capacity Planning & Facility Optimization — PAIN-041,Infrastructure,PAIN-041,Data center capacity and power constraints,Reduce impact of: Data center capacity and power constraints,"Plan power/cooling/space with measured utilization. Follow DPS: measure baseline, implement, validate outcomes.",,Discover → baseline KPIs → pilot → scale → control,3-9 Months (phased),Medium-High,"Business owner, process SME, technology partner, change management",Executive sponsor; data access; process owners; trusted sources for design inputs,Measurable improvement in KPI Affected when addressed with verified solutions,More stable processes and clearer ownership,Reduced leakage/cost or protected revenue (measure before claim),Case-specific; require baseline,"PUE, power headroom",Change resistance; data quality; scope creep,"Phased pilot, clear RACI, measured gates",,,Data Centers & Cloud Infrastructure,"Medium, Enterprise",COO / Function Head / CIO (as applicable),Medium-High,Evidence-based baseline and KPI-linked design,,,Active,2026-07-10,confidence=0.87 | sources=SRC-000004;SRC-000001 | retrieved=2026-07-10 | version=knowledge-v2.0-batch-006-solution | batch=Batch-006 | related_pain=PAIN-041 | class=solution_pattern | dps=v1.0
SOL-042,Reconciliation Industrialization — PAIN-042,Payments Ops,PAIN-042,Payments reconciliation breaks at scale,Reduce impact of: Payments reconciliation breaks at scale,"Clear recon breaks with taxonomies, SLAs, and tooling. Follow DPS: measure baseline, implement, validate outcomes.",,Discover → baseline KPIs → pilot → scale → control,3-9 Months (phased),Medium-High,"Business owner, process SME, technology partner, change management",Executive sponsor; data access; process owners; trusted sources for design inputs,Measurable improvement in KPI Affected when addressed with verified solutions,More stable processes and clearer ownership,Reduced leakage/cost or protected revenue (measure before claim),Case-specific; require baseline,"Breaks open, aging",Change resistance; data quality; scope creep,"Phased pilot, clear RACI, measured gates",,,Payments & Payment Systems,"Medium, Enterprise",COO / Function Head / CIO (as applicable),Medium-High,Evidence-based baseline and KPI-linked design,,,Active,2026-07-10,confidence=0.89 | sources=SRC-000010;SRC-000004 | retrieved=2026-07-10 | version=knowledge-v2.0-batch-006-solution | batch=Batch-006 | related_pain=PAIN-042 | class=solution_pattern | dps=v1.0
SOL-043,Reconciliation Industrialization — PAIN-043,Payments Ops,PAIN-043,Trade finance document processing delays,Reduce impact of: Trade finance document processing delays,"Clear recon breaks with taxonomies, SLAs, and tooling. Follow DPS: measure baseline, implement, validate outcomes.",,Discover → baseline KPIs → pilot → scale → control,3-9 Months (phased),Medium-High,"Business owner, process SME, technology partner, change management",Executive sponsor; data access; process owners; trusted sources for design inputs,Measurable improvement in KPI Affected when addressed with verified solutions,More stable processes and clearer ownership,Reduced leakage/cost or protected revenue (measure before claim),Case-specific; require baseline,"TAT, rework",Change resistance; data quality; scope creep,"Phased pilot, clear RACI, measured gates",,,Banking,"Medium, Enterprise",COO / Function Head / CIO (as applicable),Medium-High,Evidence-based baseline and KPI-linked design,,,Active,2026-07-10,confidence=0.86 | sources=SRC-000010;SRC-000004 | retrieved=2026-07-10 | version=knowledge-v2.0-batch-006-solution | batch=Batch-006 | related_pain=PAIN-043 | class=solution_pattern | dps=v1.0
SOL-044,Fast Close Program — PAIN-044,Finance Transformation,PAIN-044,Multi-entity financial close too slow,Reduce impact of: Multi-entity financial close too slow,"Reduce days-to-close via recon automation and close calendar discipline. Follow DPS: measure baseline, implement, validate outcomes.",,Discover → baseline KPIs → pilot → scale → control,3-9 Months (phased),Medium-High,"Business owner, process SME, technology partner, change management",Executive sponsor; data access; process owners; trusted sources for design inputs,Measurable improvement in KPI Affected when addressed with verified solutions,More stable processes and clearer ownership,Reduced leakage/cost or protected revenue (measure before claim),Case-specific; require baseline,Days to close,Change resistance; data quality; scope creep,"Phased pilot, clear RACI, measured gates",,,Manufacturing,"Medium, Enterprise",COO / Function Head / CIO (as applicable),Medium-High,Evidence-based baseline and KPI-linked design,,,Active,2026-07-10,confidence=0.87 | sources=SRC-000001;SRC-000005 | retrieved=2026-07-10 | version=knowledge-v2.0-batch-006-solution | batch=Batch-006 | related_pain=PAIN-044 | class=solution_pattern | dps=v1.0
SOL-045,Critical Talent Engine — PAIN-045,Talent,PAIN-045,Talent shortage for specialized digital roles,Reduce impact of: Talent shortage for specialized digital roles,"Accelerate hiring/retention for scarce digital roles with RPO + EVP actions. Follow DPS: measure baseline, implement, validate outcomes.",,Discover → baseline KPIs → pilot → scale → control,3-9 Months (phased),Medium-High,"Business owner, process SME, technology partner, change management",Executive sponsor; data access; process owners; trusted sources for design inputs,Measurable improvement in KPI Affected when addressed with verified solutions,More stable processes and clearer ownership,Reduced leakage/cost or protected revenue (measure before claim),Case-specific; require baseline,"Time-to-fill, attrition",Change resistance; data quality; scope creep,"Phased pilot, clear RACI, measured gates",,,Information Technology Services,"Medium, Enterprise",COO / Function Head / CIO (as applicable),Medium-High,Evidence-based baseline and KPI-linked design,,,Active,2026-07-10,confidence=0.88 | sources=SRC-000011;SRC-000012;SRC-000013 | retrieved=2026-07-10 | version=knowledge-v2.0-batch-006-solution | batch=Batch-006 | related_pain=PAIN-045 | class=solution_pattern | dps=v1.0
SOL-046,Payroll Compliance Control Tower — PAIN-046,HR Ops,PAIN-046,Payroll compliance errors after tax rule changes,Reduce impact of: Payroll compliance errors after tax rule changes,"Stabilize payroll statutory accuracy after rule changes. Follow DPS: measure baseline, implement, validate outcomes.",,Discover → baseline KPIs → pilot → scale → control,3-9 Months (phased),Medium-High,"Business owner, process SME, technology partner, change management",Executive sponsor; data access; process owners; trusted sources for design inputs,Measurable improvement in KPI Affected when addressed with verified solutions,More stable processes and clearer ownership,Reduced leakage/cost or protected revenue (measure before claim),Case-specific; require baseline,"Payroll error rate, penalties",Change resistance; data quality; scope creep,"Phased pilot, clear RACI, measured gates",,,Retail Trade,"Medium, Enterprise",COO / Function Head / CIO (as applicable),Medium-High,Evidence-based baseline and KPI-linked design,,,Active,2026-07-10,confidence=0.89 | sources=SRC-000011;SRC-000001 | retrieved=2026-07-10 | version=knowledge-v2.0-batch-006-solution | batch=Batch-006 | related_pain=PAIN-046 | class=solution_pattern | dps=v1.0
SOL-047,Contract Lifecycle Control — PAIN-047,Legal Ops,PAIN-047,Contract obligation tracking failures,Reduce impact of: Contract obligation tracking failures,"Implement CLM discipline for obligations and renewals. Follow DPS: measure baseline, implement, validate outcomes.",,Discover → baseline KPIs → pilot → scale → control,3-9 Months (phased),Medium-High,"Business owner, process SME, technology partner, change management",Executive sponsor; data access; process owners; trusted sources for design inputs,Measurable improvement in KPI Affected when addressed with verified solutions,More stable processes and clearer ownership,Reduced leakage/cost or protected revenue (measure before claim),Case-specific; require baseline,Missed renewals,Change resistance; data quality; scope creep,"Phased pilot, clear RACI, measured gates",,,Telecommunications,"Medium, Enterprise",COO / Function Head / CIO (as applicable),Medium-High,Evidence-based baseline and KPI-linked design,,,Active,2026-07-10,confidence=0.86 | sources=SRC-000005;SRC-000014 | retrieved=2026-07-10 | version=knowledge-v2.0-batch-006-solution | batch=Batch-006 | related_pain=PAIN-047 | class=solution_pattern | dps=v1.0
SOL-048,Process Intelligence before Automation — PAIN-048,Transformation,PAIN-048,Process opacity blocking automation ROI,Reduce impact of: Process opacity blocking automation ROI,"Use process mining/as-is maps to select high-ROI automation targets. Follow DPS: measure baseline, implement, validate outcomes.",,Discover → baseline KPIs → pilot → scale → control,3-9 Months (phased),Medium-High,"Business owner, process SME, technology partner, change management",Executive sponsor; data access; process owners; trusted sources for design inputs,Measurable improvement in KPI Affected when addressed with verified solutions,More stable processes and clearer ownership,Reduced leakage/cost or protected revenue (measure before claim),Case-specific; require baseline,"Automation ROI, bot success",Change resistance; data quality; scope creep,"Phased pilot, clear RACI, measured gates",,,Banking,"Medium, Enterprise",COO / Function Head / CIO (as applicable),Medium-High,Evidence-based baseline and KPI-linked design,,,Active,2026-07-10,confidence=0.87 | sources=SRC-000005;SRC-000004 | retrieved=2026-07-10 | version=knowledge-v2.0-batch-006-solution | batch=Batch-006 | related_pain=PAIN-048 | class=solution_pattern | dps=v1.0
SOL-049,Reliability & Predictive Maintenance Program — PAIN-049,Asset Reliability,PAIN-049,Observability gaps increase MTTR,Reduce impact of: Observability gaps increase MTTR,"Shift from reactive to planned/predictive maintenance on critical assets. Follow DPS: measure baseline, implement, validate outcomes.",,Discover → baseline KPIs → pilot → scale → control,3-9 Months (phased),Medium-High,"Business owner, process SME, technology partner, change management",Executive sponsor; data access; process owners; trusted sources for design inputs,Measurable improvement in KPI Affected when addressed with verified solutions,More stable processes and clearer ownership,Reduced leakage/cost or protected revenue (measure before claim),Case-specific; require baseline,"MTTR, SLO",Change resistance; data quality; scope creep,"Phased pilot, clear RACI, measured gates",,,Software & SaaS,"Medium, Enterprise",COO / Function Head / CIO (as applicable),Medium-High,Evidence-based baseline and KPI-linked design,,,Active,2026-07-10,confidence=0.89 | sources=SRC-000005;SRC-000009 | retrieved=2026-07-10 | version=knowledge-v2.0-batch-006-solution | batch=Batch-006 | related_pain=PAIN-049 | class=solution_pattern | dps=v1.0
SOL-050,Progressive Delivery Platform — PAIN-050,Engineering,PAIN-050,Feature release blast radius too large,Reduce impact of: Feature release blast radius too large,"Reduce release blast radius with feature flags and progressive rollout. Follow DPS: measure baseline, implement, validate outcomes.",,Discover → baseline KPIs → pilot → scale → control,3-9 Months (phased),Medium-High,"Business owner, process SME, technology partner, change management",Executive sponsor; data access; process owners; trusted sources for design inputs,Measurable improvement in KPI Affected when addressed with verified solutions,More stable processes and clearer ownership,Reduced leakage/cost or protected revenue (measure before claim),Case-specific; require baseline,Change failure rate,Change resistance; data quality; scope creep,"Phased pilot, clear RACI, measured gates",,,Software & SaaS,"Medium, Enterprise",COO / Function Head / CIO (as applicable),Medium-High,Evidence-based baseline and KPI-linked design,,,Active,2026-07-10,confidence=0.88 | sources=SRC-000005;SRC-000009 | retrieved=2026-07-10 | version=knowledge-v2.0-batch-006-solution | batch=Batch-006 | related_pain=PAIN-050 | class=solution_pattern | dps=v1.0
SOL-051,Consent Evidence System — PAIN-051,Privacy Ops,PAIN-051,Consent and privacy evidence incomplete,Reduce impact of: Consent and privacy evidence incomplete,"Capture purpose-based consent with audit-ready evidence. Follow DPS: measure baseline, implement, validate outcomes.",,Discover → baseline KPIs → pilot → scale → control,3-9 Months (phased),Medium-High,"Business owner, process SME, technology partner, change management",Executive sponsor; data access; process owners; trusted sources for design inputs,Measurable improvement in KPI Affected when addressed with verified solutions,More stable processes and clearer ownership,Reduced leakage/cost or protected revenue (measure before claim),Case-specific; require baseline,Consent coverage,Change resistance; data quality; scope creep,"Phased pilot, clear RACI, measured gates",,,E-commerce,"Medium, Enterprise",COO / Function Head / CIO (as applicable),Medium-High,Evidence-based baseline and KPI-linked design,,,Active,2026-07-10,confidence=0.90 | sources=SRC-000010;SRC-000005;SRC-000004 | retrieved=2026-07-10 | version=knowledge-v2.0-batch-006-solution | batch=Batch-006 | related_pain=PAIN-051 | class=solution_pattern | dps=v1.0
SOL-052,Procurement Resilience Program — PAIN-052,Procurement,PAIN-052,Supplier performance not scored systematically,Reduce impact of: Supplier performance not scored systematically,"Reduce supplier concentration risk and improve sourcing discipline. Follow DPS: measure baseline, implement, validate outcomes.",,Discover → baseline KPIs → pilot → scale → control,3-9 Months (phased),Medium-High,"Business owner, process SME, technology partner, change management",Executive sponsor; data access; process owners; trusted sources for design inputs,Measurable improvement in KPI Affected when addressed with verified solutions,More stable processes and clearer ownership,Reduced leakage/cost or protected revenue (measure before claim),Case-specific; require baseline,SLA breach tracking,Change resistance; data quality; scope creep,"Phased pilot, clear RACI, measured gates",,,Manufacturing,"Medium, Enterprise",COO / Function Head / CIO (as applicable),Medium-High,Evidence-based baseline and KPI-linked design,,,Active,2026-07-10,confidence=0.86 | sources=SRC-000014;SRC-000005 | retrieved=2026-07-10 | version=knowledge-v2.0-batch-006-solution | batch=Batch-006 | related_pain=PAIN-052 | class=solution_pattern | dps=v1.0
SOL-053,Peak Capacity Planning Program — PAIN-053,Capacity Planning,PAIN-053,Cold storage capacity shortfall at peaks,Reduce impact of: Cold storage capacity shortfall at peaks,"Plan peak cold/process capacity with scenarios. Follow DPS: measure baseline, implement, validate outcomes.",,Discover → baseline KPIs → pilot → scale → control,3-9 Months (phased),Medium-High,"Business owner, process SME, technology partner, change management",Executive sponsor; data access; process owners; trusted sources for design inputs,Measurable improvement in KPI Affected when addressed with verified solutions,More stable processes and clearer ownership,Reduced leakage/cost or protected revenue (measure before claim),Case-specific; require baseline,Spoilage at peak,Change resistance; data quality; scope creep,"Phased pilot, clear RACI, measured gates",,,Fisheries & Aquaculture,"Medium, Enterprise",COO / Function Head / CIO (as applicable),Medium-High,Evidence-based baseline and KPI-linked design,,,Active,2026-07-10,confidence=0.86 | sources=SRC-000001;SRC-000004 | retrieved=2026-07-10 | version=knowledge-v2.0-batch-006-solution | batch=Batch-006 | related_pain=PAIN-053 | class=solution_pattern | dps=v1.0
SOL-054,NRW Reduction Program — PAIN-054,Utility Ops,PAIN-054,Water utility non-revenue water high,Reduce impact of: Water utility non-revenue water high,"Reduce physical/commercial losses with targeted interventions. Follow DPS: measure baseline, implement, validate outcomes.",,Discover → baseline KPIs → pilot → scale → control,3-9 Months (phased),Medium-High,"Business owner, process SME, technology partner, change management",Executive sponsor; data access; process owners; trusted sources for design inputs,Measurable improvement in KPI Affected when addressed with verified solutions,More stable processes and clearer ownership,Reduced leakage/cost or protected revenue (measure before claim),Case-specific; require baseline,NRW %,Change resistance; data quality; scope creep,"Phased pilot, clear RACI, measured gates",,,Water & Sanitation Utilities,"Medium, Enterprise",COO / Function Head / CIO (as applicable),Medium-High,Evidence-based baseline and KPI-linked design,,,Active,2026-07-10,confidence=0.87 | sources=SRC-000001;SRC-000004 | retrieved=2026-07-10 | version=knowledge-v2.0-batch-006-solution | batch=Batch-006 | related_pain=PAIN-054 | class=solution_pattern | dps=v1.0
SOL-055,Environmental Compliance Operating System — PAIN-055,Environment,PAIN-055,Waste processing capacity and compliance pressure,Reduce impact of: Waste processing capacity and compliance pressure,"Keep monitoring/reporting on schedule with evidence packs. Follow DPS: measure baseline, implement, validate outcomes.",,Discover → baseline KPIs → pilot → scale → control,3-9 Months (phased),Medium-High,"Business owner, process SME, technology partner, change management",Executive sponsor; data access; process owners; trusted sources for design inputs,Measurable improvement in KPI Affected when addressed with verified solutions,More stable processes and clearer ownership,Reduced leakage/cost or protected revenue (measure before claim),Case-specific; require baseline,"Compliance on-time, utilization",Change resistance; data quality; scope creep,"Phased pilot, clear RACI, measured gates",,,Waste Management & Environmental Services,"Medium, Enterprise",COO / Function Head / CIO (as applicable),Medium-High,Evidence-based baseline and KPI-linked design,,,Active,2026-07-10,confidence=0.86 | sources=SRC-000001;SRC-000004 | retrieved=2026-07-10 | version=knowledge-v2.0-batch-006-solution | batch=Batch-006 | related_pain=PAIN-055 | class=solution_pattern | dps=v1.0
SOL-056,Electronic Quality System Uplift — PAIN-056,Quality System,PAIN-056,BPO agent quality variance across sites,Reduce impact of: BPO agent quality variance across sites,"Strengthen deviation/CAPA discipline with electronic QMS and training. Follow DPS: measure baseline, implement, validate outcomes.",,Discover → baseline KPIs → pilot → scale → control,3-9 Months (phased),Medium-High,"Business owner, process SME, technology partner, change management",Executive sponsor; data access; process owners; trusted sources for design inputs,Measurable improvement in KPI Affected when addressed with verified solutions,More stable processes and clearer ownership,Reduced leakage/cost or protected revenue (measure before claim),Case-specific; require baseline,QA score sigma,Change resistance; data quality; scope creep,"Phased pilot, clear RACI, measured gates",,,Business Process Outsourcing,"Medium, Enterprise",COO / Function Head / CIO (as applicable),Medium-High,Evidence-based baseline and KPI-linked design,,,Active,2026-07-10,confidence=0.87 | sources=SRC-000011;SRC-000004 | retrieved=2026-07-10 | version=knowledge-v2.0-batch-006-solution | batch=Batch-006 | related_pain=PAIN-056 | class=solution_pattern | dps=v1.0
SOL-057,Workforce Compliance Rostering — PAIN-057,Workforce Ops,PAIN-057,Security services rostering and compliance gaps,Reduce impact of: Security services rostering and compliance gaps,"Ensure certification currency and fill rates. Follow DPS: measure baseline, implement, validate outcomes.",,Discover → baseline KPIs → pilot → scale → control,3-9 Months (phased),Medium-High,"Business owner, process SME, technology partner, change management",Executive sponsor; data access; process owners; trusted sources for design inputs,Measurable improvement in KPI Affected when addressed with verified solutions,More stable processes and clearer ownership,Reduced leakage/cost or protected revenue (measure before claim),Case-specific; require baseline,"Fill rate, compliance",Change resistance; data quality; scope creep,"Phased pilot, clear RACI, measured gates",,,Security Services,"Medium, Enterprise",COO / Function Head / CIO (as applicable),Medium-High,Evidence-based baseline and KPI-linked design,,,Active,2026-07-10,confidence=0.86 | sources=SRC-000011;SRC-000001 | retrieved=2026-07-10 | version=knowledge-v2.0-batch-006-solution | batch=Batch-006 | related_pain=PAIN-057 | class=solution_pattern | dps=v1.0
SOL-058,Integrated Facility Vendor Model — PAIN-058,FM,PAIN-058,Facility multi-vendor coordination chaos,Reduce impact of: Facility multi-vendor coordination chaos,"Consolidate accountability with single-point operating model. Follow DPS: measure baseline, implement, validate outcomes.",,Discover → baseline KPIs → pilot → scale → control,3-9 Months (phased),Medium-High,"Business owner, process SME, technology partner, change management",Executive sponsor; data access; process owners; trusted sources for design inputs,Measurable improvement in KPI Affected when addressed with verified solutions,More stable processes and clearer ownership,Reduced leakage/cost or protected revenue (measure before claim),Case-specific; require baseline,Incident closure time,Change resistance; data quality; scope creep,"Phased pilot, clear RACI, measured gates",,,Facilities Management,"Medium, Enterprise",COO / Function Head / CIO (as applicable),Medium-High,Evidence-based baseline and KPI-linked design,,,Active,2026-07-10,confidence=0.86 | sources=SRC-000012;SRC-000001 | retrieved=2026-07-10 | version=knowledge-v2.0-batch-006-solution | batch=Batch-006 | related_pain=PAIN-058 | class=solution_pattern | dps=v1.0
